{"-gp_mll": [-29.67768096923828, -406.35662841796875, -213.73715209960938, -199.75576782226562, -209.7366943359375, -215.41934204101562, -220.77865600585938, -226.78744506835938, -233.31973266601562, -240.2692413330078, -247.62310791015625, -255.41781616210938, -263.707763671875, -272.552978515625, -282.0146484375, -292.155517578125, -303.0431213378906, -314.75128173828125, -327.36431884765625, -340.9801330566406, -355.71368408203125, -371.7026062011719, -389.11376953125, -408.1533203125, -429.08624267578125, -452.27081298828125, -478.22705078125, -507.7615966796875, -542.1983642578125, -583.898193359375, -637.778564453125, -718.95751953125, -839.7858276367188, -950.8017578125, -970.4678955078125, -999.309814453125, -847.28076171875, -868.4681396484375, -866.9863891601562, -882.5592041015625, -893.1151123046875, -904.16552734375, -918.70263671875, -942.249755859375, -988.8135986328125, -1000.6387939453125, -1004.9532470703125, -1005.6707763671875, -1006.105712890625, -1006.1197509765625, -1006.166259765625, -1006.168212890625, -1006.1759033203125, -1006.1781005859375, -1006.18017578125, -1006.1807861328125, -1006.1806640625, -1006.180419921875, -1006.1810302734375, -1006.180419921875, -1006.1806640625, -1006.180908203125, -1006.1807861328125, -1006.1807861328125, -1006.180908203125, -1006.180419921875, -1006.180419921875, -1006.18017578125, -1006.1802978515625, -1006.1802978515625, -1006.180419921875, -1006.1806640625, -1006.1802978515625, -1006.1805419921875, -1006.180419921875, -1006.1800537109375, -1006.18017578125, -1006.180419921875, -1006.1806640625, -1006.18017578125, -1006.1805419921875, -1006.179931640625, -1006.1800537109375, -1006.1805419921875, -1006.18017578125, -1006.18017578125, -1006.18017578125, -1006.1806640625, -1006.1806640625, -1006.1805419921875, -1006.1802978515625, -1006.180419921875, -1006.1805419921875, -1006.1802978515625, -1006.18017578125, -1006.1802978515625, -1006.180419921875, -1006.180419921875, -1006.1805419921875, -1006.180419921875], "lengthscale": [2.0999999046325684, 2.3016231060028076, 2.297226905822754, 2.4441049098968506, 2.5999248027801514, 2.7117812633514404, 2.783759593963623, 2.830014705657959, 2.860572338104248, 2.8811545372009277, 2.894883871078491, 2.9034881591796875, 2.9079549312591553, 2.9088497161865234, 2.9064748287200928, 2.900944948196411, 2.892230987548828, 2.880178451538086, 2.864513397216797, 2.844835042953491, 2.8205931186676025, 2.7910521030426025, 2.7552387714385986, 2.711864471435547, 2.6592230796813965, 2.595048427581787, 2.5163252353668213, 2.4190006256103516, 2.297532081604004, 2.1442227363586426, 1.9473426342010498, 1.6883517503738403, 1.3898786306381226, 1.1231201887130737, 0.8378934860229492, 0.8286163806915283, 1.4433631896972656, 1.9394402503967285, 1.8726059198379517, 1.7131925821304321, 1.5634589195251465, 1.4894126653671265, 1.4197752475738525, 1.2828208208084106, 0.9841559529304504, 0.7668744325637817, 0.80697101354599, 0.8295426368713379, 0.8123960494995117, 0.803402841091156, 0.8044315576553345, 0.8087354898452759, 0.8039721250534058, 0.8064686059951782, 0.8063696622848511, 0.8061314821243286, 0.8059356212615967, 0.8061469793319702, 0.8061634302139282, 0.8060205578804016, 0.8061025738716125, 0.8061004877090454, 0.806090772151947, 0.806092381477356, 0.8060932159423828, 0.8060932755470276, 0.80609130859375, 0.8060926198959351, 0.8060930967330933, 0.8060925602912903, 0.8060925006866455, 0.8060925006866455, 0.8060924410820007, 0.8060927391052246, 0.8060925602912903, 0.8060920238494873, 0.8060926795005798, 0.8060924410820007, 0.8060924410820007, 0.8060925006866455, 0.8060928583145142, 0.8060929775238037, 0.8060926795005798, 0.806092381477356, 0.806092381477356, 0.8060930371284485, 0.8060929775238037, 0.8060927391052246, 0.8060924410820007, 0.806092381477356, 0.806092381477356, 0.8060923218727112, 0.806092381477356, 0.8060927987098694, 0.8060922622680664, 0.8060924410820007, 0.806092381477356, 0.8060926795005798, 0.8060922622680664, 0.806092381477356], "beta": [2.281123161315918, 2.0746994018554688, 2.083965539932251, 1.9522210359573364, 1.8053098917007446, 1.683802843093872, 1.5876672267913818, 1.5087645053863525, 1.4403797388076782, 1.3782095909118652, 1.3196449279785156, 1.263065218925476, 1.2073973417282104, 1.1518827676773071, 1.0959596633911133, 1.039203405380249, 0.981297492980957, 0.9220182299613953, 0.8612397313117981, 0.7989555597305298, 0.7353266477584839, 0.6707673072814941, 0.6060826182365417, 0.5426788926124573, 0.48278412222862244, 0.42949241399765015, 0.3859982490539551, 0.35301393270492554, 0.32448577880859375, 0.2847237288951874, 0.21525505185127258, 0.13841119408607483, 0.08642034977674484, 0.06983499228954315, 0.05250940099358559, 0.012829594314098358, 0.7335610389709473, 0.8169488310813904, 0.8089025616645813, 0.7568439841270447, 0.6747741103172302, 0.5568447113037109, 0.4101877212524414, 0.23308901488780975, 0.05778208747506142, 0.05250526964664459, 0.057137612253427505, 0.05500601604580879, 0.05593316629528999, 0.05576598271727562, 0.05491359531879425, 0.05567561835050583, 0.05531856045126915, 0.05549777299165726, 0.05542024224996567, 0.05541360750794411, 0.05542880669236183, 0.05542932078242302, 0.055430274456739426, 0.055422343313694, 0.05543150380253792, 0.05542590469121933, 0.05542759597301483, 0.055428288877010345, 0.05542708933353424, 0.0554276742041111, 0.055427491664886475, 0.05542786046862602, 0.05542771890759468, 0.05542747676372528, 0.05542762950062752, 0.05542749539017677, 0.05542777106165886, 0.05542765185236931, 0.05542746186256409, 0.05542777106165886, 0.05542759224772453, 0.05542720481753349, 0.05542762205004692, 0.05542762205004692, 0.05542733520269394, 0.05542752891778946, 0.055427778512239456, 0.055427536368370056, 0.055427487939596176, 0.055427614599466324, 0.05542774870991707, 0.05542772263288498, 0.05542754754424095, 0.055427562445402145, 0.055427610874176025, 0.055427536368370056, 0.055427487939596176, 0.055427487939596176, 0.055427435785532, 0.055427584797143936, 0.05542746186256409, 0.055427540093660355, 0.055427346378564835, 0.055427517741918564]}